{
  "accuracy": 0.9713004484304932,
  "precision": 0.9915966386554622,
  "recall": 0.7919463087248322,
  "f1": 0.8805970149253731,
  "confusion_matrix": [
    [
      965,
      1
    ],
    [
      31,
      118
    ]
  ]
}